count,timestamp,lat,lon
1,1646984966,47.74304,8.99896
2,1646984967,47.74304,8.99895
3,1646984968,47.74303,8.99895
4,1646984969,47.74303,8.99895
5,1646984970,47.74303,8.99895
6,1646984971,47.74303,8.99895
7,1646984972,47.74303,8.99895
8,1646984973,47.74303,8.99895
9,1646984974,47.74303,8.99895
10,1646984975,47.74303,8.99895
11,1646984976,47.74303,8.99895
12,1646984977,47.74303,8.99895
13,1646984978,47.74303,8.99895
14,1646984979,47.74303,8.99895
15,1646984980,47.74303,8.99895
16,1646984981,47.74303,8.99895
17,1646984982,47.74303,8.99895
18,1646984983,47.74303,8.99895
19,1646984984,47.74303,8.99895
20,1646984985,47.74303,8.99895
21,1646985110,47.74305,8.99894
22,1646985111,47.74305,8.99895
23,1646985112,47.74305,8.99895
24,1646985113,47.74305,8.99896
25,1646985114,47.74305,8.99896
26,1646985115,47.74305,8.99896
27,1646985116,47.74305,8.99897
28,1646985118,47.74305,8.99896
29,1646985119,47.74305,8.99896
30,1646985120,47.74305,8.99896
31,1646985121,47.74305,8.99896
32,1646985122,47.74305,8.99897
33,1646985123,47.74305,8.99897
34,1646985124,47.74305,8.99897
35,1646985125,47.74306,8.99897
36,1646985126,47.74306,8.99897
37,1646985127,47.74306,8.99898
38,1646985128,47.74306,8.99898
39,1646985129,47.74306,8.99898
40,1646985130,47.74306,8.99898
41,1646985255,47.74305,8.99900
42,1646985256,47.74307,8.99899
43,1646985257,47.74308,8.99900
44,1646985258,47.74308,8.99900
45,1646985259,47.74308,8.99900
46,1646985260,47.74308,8.99901
47,1646985261,47.74307,8.99900
48,1646985262,47.74307,8.99900
49,1646985263,47.74307,8.99900
50,1646985264,47.74306,8.99899
51,1646985265,47.74306,8.99899
52,1646985266,47.74306,8.99900
53,1646985268,47.74306,8.99900
54,1646985269,47.74306,8.99900
55,1646985270,47.74306,8.99900
56,1646985271,47.74306,8.99900
57,1646985272,47.74306,8.99900
58,1646985273,47.74306,8.99900
59,1646985274,47.74305,8.99900
60,1646985275,47.74305,8.99900
61,1646985399,47.74305,8.99901
62,1646985400,47.74305,8.99901
63,1646985401,47.74305,8.99901
64,1646985402,47.74304,8.99901
65,1646985403,47.74304,8.99900
66,1646985404,47.74303,8.99900
67,1646985405,47.74303,8.99900
68,1646985406,47.74304,8.99900
69,1646985407,47.74304,8.99900
70,1646985408,47.74304,8.99900
71,1646985409,47.74305,8.99900
72,1646985411,47.74305,8.99900
73,1646985412,47.74305,8.99900
74,1646985413,47.74306,8.99900
75,1646985414,47.74306,8.99900
76,1646985415,47.74306,8.99900
77,1646985416,47.74306,8.99900
78,1646985417,47.74306,8.99899
79,1646985418,47.74306,8.99900
80,1646985419,47.74306,8.99900
81,1646985544,47.74307,8.99897
82,1646985545,47.74307,8.99899
83,1646985546,47.74307,8.99900
84,1646985547,47.74307,8.99899
85,1646985548,47.74307,8.99899
86,1646985549,47.74306,8.99898
87,1646985550,47.74306,8.99898
88,1646985551,47.74306,8.99898
89,1646985552,47.74306,8.99898
90,1646985553,47.74307,8.99898
91,1646985555,47.74307,8.99898
92,1646985556,47.74306,8.99898
93,1646985557,47.74306,8.99898
94,1646985558,47.74306,8.99898
95,1646985559,47.74306,8.99897
96,1646985560,47.74306,8.99897
97,1646985561,47.74306,8.99897
98,1646985562,47.74305,8.99897
99,1646985563,47.74305,8.99897
100,1646985564,47.74305,8.99897
101,1646985689,47.74306,8.99896
102,1646985690,47.74306,8.99896
103,1646985691,47.74305,8.99896
104,1646985692,47.74305,8.99897
105,1646985693,47.74304,8.99897
106,1646985694,47.74304,8.99897
107,1646985695,47.74303,8.99897
108,1646985696,47.74302,8.99897
109,1646985697,47.74304,8.99898
110,1646985699,47.74303,8.99898
111,1646985700,47.74303,8.99898
112,1646985701,47.74303,8.99898
113,1646985702,47.74303,8.99897
114,1646985703,47.74302,8.99897
115,1646985704,47.74302,8.99897
116,1646985705,47.74303,8.99897
117,1646985706,47.74303,8.99897
118,1646985707,47.74303,8.99897
119,1646985708,47.74303,8.99897
120,1646985709,47.74303,8.99896
121,1646985835,47.74288,8.99890
122,1646985836,47.74284,8.99890
123,1646985837,47.74284,8.99890
124,1646985838,47.74285,8.99890
125,1646985839,47.74285,8.99890
126,1646985840,47.74286,8.99890
127,1646985841,47.74306,8.99898
128,1646985843,47.74307,8.99899
129,1646985844,47.74308,8.99900
130,1646985845,47.74308,8.99900
131,1646985846,47.74309,8.99901
132,1646985847,47.74309,8.99901
133,1646985848,47.74309,8.99901
134,1646985849,47.74309,8.99901
135,1646985850,47.74309,8.99901
136,1646985851,47.74308,8.99901
137,1646985852,47.74308,8.99901
138,1646985853,47.74309,8.99900
139,1646985854,47.74309,8.99899
140,1646985855,47.74309,8.99899
141,1646985980,47.74308,8.99897
142,1646985981,47.74308,8.99897
143,1646985982,47.74308,8.99897
144,1646985983,47.74307,8.99897
145,1646985984,47.74308,8.99897
146,1646985985,47.74308,8.99898
147,1646985987,47.74308,8.99897
148,1646985988,47.74308,8.99897
149,1646985989,47.74307,8.99897
150,1646985990,47.74307,8.99897
151,1646985991,47.74308,8.99897
152,1646985992,47.74308,8.99897
153,1646985993,47.74308,8.99897
154,1646985994,47.74308,8.99897
155,1646985995,47.74308,8.99898
156,1646985996,47.74308,8.99898
157,1646985997,47.74308,8.99898
158,1646985998,47.74308,8.99898
159,1646985999,47.74307,8.99898
160,1646986000,47.74307,8.99898
161,1646986125,47.74307,8.99908
162,1646986126,47.74309,8.99907
163,1646986127,47.74307,8.99905
164,1646986128,47.74306,8.99904
165,1646986129,47.74304,8.99903
166,1646986130,47.74304,8.99902
167,1646986131,47.74304,8.99901
168,1646986132,47.74304,8.99901
169,1646986133,47.74304,8.99901
170,1646986134,47.74304,8.99901
171,1646986135,47.74304,8.99901
172,1646986137,47.74304,8.99901
173,1646986138,47.74304,8.99901
174,1646986139,47.74305,8.99901
175,1646986140,47.74305,8.99901
176,1646986141,47.74305,8.99901
177,1646986142,47.74305,8.99901
178,1646986143,47.74306,8.99901
179,1646986144,47.74306,8.99901
180,1646986145,47.74306,8.99901
181,1646986271,47.74310,8.99896
182,1646986272,47.74308,8.99894
183,1646986273,47.74306,8.99894
184,1646986274,47.74305,8.99893
185,1646986275,47.74303,8.99892
186,1646986276,47.74303,8.99892
187,1646986277,47.74303,8.99891
188,1646986278,47.74303,8.99891
189,1646986279,47.74307,8.99893
190,1646986281,47.74308,8.99893
191,1646986282,47.74308,8.99894
192,1646986283,47.74308,8.99895
193,1646986284,47.74308,8.99895
194,1646986285,47.74307,8.99895
195,1646986286,47.74307,8.99895
196,1646986287,47.74307,8.99895
197,1646986288,47.74307,8.99896
198,1646986289,47.74308,8.99896
199,1646986290,47.74308,8.99896
200,1646986291,47.74309,8.99897
201,1646986415,47.74307,8.99899
202,1646986416,47.74303,8.99897
203,1646986417,47.74301,8.99897
204,1646986418,47.74300,8.99897
205,1646986419,47.74300,8.99896
206,1646986420,47.74301,8.99897
207,1646986421,47.74302,8.99897
208,1646986422,47.74303,8.99897
209,1646986423,47.74302,8.99897
210,1646986425,47.74303,8.99897
211,1646986426,47.74303,8.99897
212,1646986427,47.74302,8.99897
213,1646986428,47.74302,8.99896
214,1646986429,47.74302,8.99897
215,1646986430,47.74302,8.99896
216,1646986431,47.74302,8.99897
217,1646986432,47.74302,8.99897
218,1646986433,47.74302,8.99898
219,1646986434,47.74302,8.99897
220,1646986435,47.74302,8.99898
221,1646986559,47.74289,8.99893
222,1646986560,47.74291,8.99893
223,1646986561,47.74294,8.99894
224,1646986562,47.74296,8.99893
225,1646986563,47.74297,8.99892
226,1646986564,47.74298,8.99892
227,1646986565,47.74298,8.99892
228,1646986566,47.74299,8.99894
229,1646986567,47.74300,8.99895
230,1646986569,47.74300,8.99895
231,1646986570,47.74301,8.99896
232,1646986571,47.74302,8.99897
233,1646986572,47.74302,8.99896
234,1646986573,47.74303,8.99897
235,1646986574,47.74303,8.99897
236,1646986575,47.74303,8.99897
237,1646986576,47.74303,8.99897
238,1646986577,47.74304,8.99897
239,1646986578,47.74304,8.99897
240,1646986579,47.74304,8.99897
241,1646986703,47.74298,8.99900
242,1646986704,47.74298,8.99901
243,1646986705,47.74301,8.99897
244,1646986706,47.74303,8.99896
245,1646986707,47.74304,8.99895
246,1646986708,47.74304,8.99896
247,1646986709,47.74303,8.99895
248,1646986710,47.74303,8.99895
249,1646986711,47.74306,8.99898
250,1646986713,47.74306,8.99898
251,1646986714,47.74306,8.99898
252,1646986715,47.74307,8.99899
253,1646986716,47.74307,8.99899
254,1646986717,47.74307,8.99899
255,1646986718,47.74306,8.99898
256,1646986719,47.74306,8.99898
257,1646986720,47.74306,8.99898
258,1646986721,47.74306,8.99898
259,1646986722,47.74306,8.99898
260,1646986723,47.74306,8.99897
261,1646986848,47.74323,8.99921
262,1646986849,47.74328,8.99910
263,1646986850,47.74324,8.99907
264,1646986851,47.74322,8.99906
265,1646986852,47.74320,8.99904
266,1646986853,47.74317,8.99902
267,1646986854,47.74315,8.99901
268,1646986855,47.74313,8.99900
269,1646986856,47.74312,8.99899
270,1646986857,47.74311,8.99899
271,1646986858,47.74310,8.99899
272,1646986859,47.74310,8.99899
273,1646986860,47.74310,8.99899
274,1646986861,47.74311,8.99900
275,1646986863,47.74311,8.99900
276,1646986864,47.74311,8.99900
277,1646986865,47.74311,8.99901
278,1646986866,47.74311,8.99901
279,1646986867,47.74311,8.99900
280,1646986868,47.74311,8.99900
281,1646986993,47.74308,8.99907
282,1646986994,47.74308,8.99904
283,1646986995,47.74309,8.99903
284,1646986996,47.74310,8.99904
285,1646986997,47.74310,8.99903
286,1646986998,47.74309,8.99902
287,1646986999,47.74311,8.99905
288,1646987001,47.74311,8.99904
289,1646987002,47.74311,8.99904
290,1646987003,47.74310,8.99904
291,1646987004,47.74309,8.99903
292,1646987005,47.74309,8.99903
293,1646987006,47.74309,8.99903
294,1646987007,47.74309,8.99902
295,1646987008,47.74309,8.99902
296,1646987009,47.74309,8.99902
297,1646987010,47.74309,8.99902
298,1646987011,47.74308,8.99901
299,1646987012,47.74309,8.99901
300,1646987013,47.74308,8.99901
301,1646987138,47.74314,8.99906
302,1646987139,47.74312,8.99904
303,1646987140,47.74310,8.99903
304,1646987141,47.74308,8.99901
305,1646987142,47.74307,8.99901
306,1646987143,47.74305,8.99900
307,1646987144,47.74304,8.99900
308,1646987145,47.74304,8.99900
309,1646987146,47.74303,8.99899
310,1646987147,47.74303,8.99899
311,1646987148,47.74302,8.99899
312,1646987149,47.74302,8.99899
313,1646987151,47.74302,8.99899
314,1646987152,47.74301,8.99899
315,1646987153,47.74301,8.99898
316,1646987154,47.74301,8.99898
317,1646987155,47.74301,8.99898
318,1646987156,47.74302,8.99898
319,1646987157,47.74301,8.99898
320,1646987158,47.74301,8.99898
321,1646987284,47.74306,8.99895
322,1646987285,47.74305,8.99895
323,1646987286,47.74304,8.99895
324,1646987287,47.74304,8.99895
325,1646987288,47.74303,8.99896
326,1646987289,47.74303,8.99896
327,1646987290,47.74303,8.99897
328,1646987291,47.74304,8.99898
329,1646987292,47.74304,8.99898
330,1646987293,47.74305,8.99899
331,1646987295,47.74305,8.99899
332,1646987296,47.74305,8.99899
333,1646987297,47.74305,8.99899
334,1646987298,47.74305,8.99900
335,1646987299,47.74306,8.99900
336,1646987300,47.74306,8.99900
337,1646987301,47.74307,8.99900
338,1646987302,47.74307,8.99901
339,1646987303,47.74307,8.99901
340,1646987304,47.74308,8.99901
341,1646987429,47.74313,8.99912
342,1646987430,47.74314,8.99911
343,1646987431,47.74314,8.99911
344,1646987432,47.74313,8.99909
345,1646987433,47.74312,8.99908
346,1646987434,47.74312,8.99908
347,1646987435,47.74312,8.99908
348,1646987436,47.74311,8.99907
349,1646987437,47.74311,8.99906
350,1646987439,47.74311,8.99906
351,1646987440,47.74311,8.99906
352,1646987441,47.74311,8.99906
353,1646987442,47.74311,8.99906
354,1646987443,47.74311,8.99906
355,1646987444,47.74310,8.99906
356,1646987445,47.74310,8.99906
357,1646987446,47.74309,8.99905
358,1646987447,47.74309,8.99905
359,1646987448,47.74309,8.99905
360,1646987449,47.74309,8.99905
361,1646987574,47.74309,8.99894
362,1646987575,47.74309,8.99897
363,1646987576,47.74308,8.99898
364,1646987577,47.74308,8.99898
365,1646987578,47.74307,8.99899
366,1646987579,47.74307,8.99899
367,1646987580,47.74307,8.99899
368,1646987581,47.74307,8.99900
369,1646987583,47.74307,8.99900
370,1646987584,47.74307,8.99900
371,1646987585,47.74307,8.99900
372,1646987586,47.74307,8.99900
373,1646987587,47.74307,8.99900
374,1646987588,47.74307,8.99900
375,1646987589,47.74307,8.99900
376,1646987590,47.74307,8.99900
377,1646987591,47.74307,8.99900
378,1646987592,47.74307,8.99900
379,1646987593,47.74307,8.99900
380,1646987594,47.74307,8.99900
381,1646987718,47.74313,8.99901
382,1646987719,47.74309,8.99902
383,1646987720,47.74310,8.99902
384,1646987721,47.74309,8.99902
385,1646987722,47.74308,8.99902
386,1646987723,47.74307,8.99901
387,1646987724,47.74306,8.99901
388,1646987725,47.74306,8.99901
389,1646987727,47.74306,8.99901
390,1646987728,47.74306,8.99901
391,1646987729,47.74307,8.99902
392,1646987730,47.74307,8.99902
393,1646987731,47.74308,8.99902
394,1646987732,47.74308,8.99903
395,1646987733,47.74308,8.99903
396,1646987734,47.74308,8.99903
397,1646987735,47.74308,8.99903
398,1646987736,47.74309,8.99903
399,1646987737,47.74308,8.99903
400,1646987738,47.74308,8.99902
401,1646987863,47.74302,8.99903
402,1646987864,47.74303,8.99904
403,1646987865,47.74303,8.99904
404,1646987866,47.74302,8.99902
405,1646987867,47.74303,8.99902
406,1646987868,47.74303,8.99902
407,1646987869,47.74300,8.99899
408,1646987871,47.74300,8.99899
409,1646987872,47.74301,8.99899
410,1646987873,47.74301,8.99899
411,1646987874,47.74301,8.99899
412,1646987875,47.74301,8.99899
413,1646987876,47.74301,8.99899
414,1646987877,47.74301,8.99899
415,1646987878,47.74301,8.99899
416,1646987879,47.74302,8.99899
417,1646987880,47.74302,8.99899
418,1646987881,47.74302,8.99899
419,1646987882,47.74302,8.99899
420,1646987883,47.74302,8.99899
421,1646988008,47.74295,8.99897
422,1646988009,47.74296,8.99897
423,1646988010,47.74297,8.99897
424,1646988011,47.74298,8.99897
425,1646988012,47.74299,8.99898
426,1646988013,47.74300,8.99898
427,1646988014,47.74300,8.99897
428,1646988015,47.74300,8.99897
429,1646988016,47.74300,8.99897
430,1646988017,47.74300,8.99898
431,1646988018,47.74300,8.99898
432,1646988019,47.74301,8.99898
433,1646988021,47.74302,8.99898
434,1646988022,47.74301,8.99898
435,1646988023,47.74301,8.99898
436,1646988024,47.74302,8.99898
437,1646988025,47.74302,8.99898
438,1646988026,47.74301,8.99898
439,1646988027,47.74301,8.99898
440,1646988028,47.74301,8.99898
441,1646988151,47.74301,8.99897
442,1646988152,47.74306,8.99896
443,1646988153,47.74306,8.99898
444,1646988154,47.74304,8.99897
445,1646988155,47.74303,8.99898
446,1646988156,47.74303,8.99898
447,1646988157,47.74303,8.99898
448,1646988158,47.74302,8.99897
449,1646988159,47.74301,8.99897
450,1646988160,47.74302,8.99897
451,1646988161,47.74302,8.99896
452,1646988162,47.74302,8.99896
453,1646988163,47.74302,8.99895
454,1646988165,47.74303,8.99896
455,1646988166,47.74303,8.99896
456,1646988167,47.74303,8.99896
457,1646988168,47.74303,8.99896
458,1646988169,47.74303,8.99896
459,1646988170,47.74303,8.99896
460,1646988171,47.74304,8.99896
461,1646988296,47.74298,8.99888
462,1646988297,47.74299,8.99890
463,1646988298,47.74300,8.99892
464,1646988299,47.74301,8.99894
465,1646988300,47.74303,8.99896
466,1646988301,47.74305,8.99898
467,1646988302,47.74307,8.99899
468,1646988303,47.74308,8.99901
469,1646988304,47.74310,8.99902
470,1646988305,47.74310,8.99903
471,1646988306,47.74311,8.99903
472,1646988307,47.74306,8.99900
473,1646988309,47.74306,8.99900
474,1646988310,47.74306,8.99900
475,1646988311,47.74306,8.99900
476,1646988312,47.74306,8.99900
477,1646988313,47.74306,8.99900
478,1646988314,47.74306,8.99900
479,1646988315,47.74306,8.99900
480,1646988316,47.74306,8.99901
481,1646988441,47.74307,8.99896
482,1646988442,47.74305,8.99895
483,1646988443,47.74303,8.99895
484,1646988444,47.74303,8.99895
485,1646988445,47.74304,8.99896
486,1646988446,47.74305,8.99897
487,1646988447,47.74306,8.99897
488,1646988448,47.74306,8.99897
489,1646988449,47.74306,8.99897
490,1646988450,47.74305,8.99897
491,1646988451,47.74303,8.99896
492,1646988453,47.74303,8.99896
493,1646988454,47.74303,8.99896
494,1646988455,47.74303,8.99896
495,1646988456,47.74303,8.99896
496,1646988457,47.74303,8.99896
497,1646988458,47.74304,8.99896
498,1646988459,47.74303,8.99896
499,1646988460,47.74303,8.99896
500,1646988461,47.74303,8.99896
501,1646988585,47.74304,8.99900
502,1646988586,47.74303,8.99899
503,1646988587,47.74304,8.99899
504,1646988588,47.74302,8.99898
505,1646988589,47.74303,8.99899
506,1646988590,47.74303,8.99899
507,1646988591,47.74303,8.99899
508,1646988592,47.74303,8.99900
509,1646988593,47.74303,8.99900
510,1646988594,47.74303,8.99901
511,1646988595,47.74301,8.99900
512,1646988597,47.74301,8.99900
513,1646988598,47.74301,8.99900
514,1646988599,47.74301,8.99900
515,1646988600,47.74302,8.99900
516,1646988601,47.74302,8.99900
517,1646988602,47.74302,8.99900
518,1646988603,47.74302,8.99900
519,1646988604,47.74302,8.99900
520,1646988605,47.74302,8.99900
521,1646988729,47.74297,8.99905
522,1646988730,47.74299,8.99902
523,1646988731,47.74300,8.99901
524,1646988732,47.74300,8.99900
525,1646988733,47.74300,8.99900
526,1646988734,47.74301,8.99900
527,1646988735,47.74302,8.99900
528,1646988736,47.74302,8.99900
529,1646988737,47.74302,8.99900
530,1646988738,47.74302,8.99900
531,1646988739,47.74301,8.99900
532,1646988741,47.74301,8.99900
533,1646988742,47.74301,8.99900
534,1646988743,47.74301,8.99900
535,1646988744,47.74300,8.99900
536,1646988745,47.74300,8.99900
537,1646988746,47.74300,8.99900
538,1646988747,47.74300,8.99900
539,1646988748,47.74300,8.99900
540,1646988749,47.74299,8.99900
541,1646988874,47.74313,8.99902
542,1646988875,47.74312,8.99900
543,1646988876,47.74312,8.99900
544,1646988877,47.74311,8.99899
545,1646988878,47.74310,8.99899
546,1646988879,47.74309,8.99898
547,1646988880,47.74309,8.99898
548,1646988881,47.74309,8.99898
549,1646988882,47.74309,8.99898
550,1646988883,47.74306,8.99896
551,1646988885,47.74306,8.99896
552,1646988886,47.74306,8.99896
553,1646988887,47.74306,8.99896
554,1646988888,47.74305,8.99896
555,1646988889,47.74305,8.99896
556,1646988890,47.74305,8.99896
557,1646988891,47.74304,8.99896
558,1646988892,47.74304,8.99896
559,1646988893,47.74304,8.99896
560,1646988894,47.74304,8.99896
561,1646989019,47.74302,8.99898
562,1646989020,47.74302,8.99897
563,1646989021,47.74302,8.99898
564,1646989022,47.74302,8.99898
565,1646989023,47.74302,8.99898
566,1646989024,47.74302,8.99898
567,1646989025,47.74302,8.99899
568,1646989026,47.74303,8.99899
569,1646989027,47.74298,8.99896
570,1646989029,47.74299,8.99897
571,1646989030,47.74299,8.99897
572,1646989031,47.74299,8.99897
573,1646989032,47.74299,8.99897
574,1646989033,47.74299,8.99897
575,1646989034,47.74299,8.99897
576,1646989035,47.74299,8.99896
577,1646989036,47.74299,8.99896
578,1646989037,47.74299,8.99896
579,1646989038,47.74299,8.99896
580,1646989039,47.74299,8.99896
581,1646989163,47.74314,8.99901
582,1646989164,47.74313,8.99900
583,1646989165,47.74311,8.99901
584,1646989166,47.74311,8.99900
585,1646989167,47.74310,8.99900
586,1646989168,47.74309,8.99900
587,1646989169,47.74308,8.99900
588,1646989170,47.74308,8.99900
589,1646989171,47.74302,8.99898
590,1646989173,47.74302,8.99898
591,1646989174,47.74303,8.99898
592,1646989175,47.74303,8.99899
593,1646989176,47.74303,8.99899
594,1646989177,47.74303,8.99899
595,1646989178,47.74303,8.99899
596,1646989179,47.74302,8.99899
597,1646989180,47.74302,8.99899
598,1646989181,47.74302,8.99899
599,1646989182,47.74302,8.99899
600,1646989183,47.74302,8.99899
601,1646989306,47.74306,8.99905
602,1646989307,47.74307,8.99904
603,1646989308,47.74306,8.99903
604,1646989309,47.74306,8.99903
605,1646989310,47.74305,8.99902
606,1646989311,47.74305,8.99901
607,1646989312,47.74305,8.99901
608,1646989313,47.74305,8.99901
609,1646989314,47.74305,8.99901
610,1646989315,47.74298,8.99897
611,1646989317,47.74298,8.99897
612,1646989318,47.74299,8.99897
613,1646989319,47.74299,8.99897
614,1646989320,47.74299,8.99897
615,1646989321,47.74299,8.99897
616,1646989322,47.74299,8.99897
617,1646989323,47.74299,8.99897
618,1646989324,47.74299,8.99897
619,1646989325,47.74299,8.99897
620,1646989326,47.74299,8.99896
621,1646989450,47.74308,8.99904
622,1646989451,47.74309,8.99906
623,1646989452,47.74309,8.99905
624,1646989453,47.74308,8.99904
625,1646989454,47.74307,8.99904
626,1646989455,47.74306,8.99903
627,1646989456,47.74305,8.99902
628,1646989457,47.74304,8.99902
629,1646989458,47.74303,8.99901
630,1646989459,47.74302,8.99900
631,1646989461,47.74302,8.99900
632,1646989462,47.74302,8.99900
633,1646989463,47.74302,8.99900
634,1646989464,47.74302,8.99900
635,1646989465,47.74302,8.99900
636,1646989466,47.74302,8.99900
637,1646989467,47.74302,8.99900
638,1646989468,47.74302,8.99900
639,1646989469,47.74301,8.99900
640,1646989470,47.74301,8.99900
641,1646989594,47.74311,8.99904
642,1646989595,47.74310,8.99903
643,1646989596,47.74309,8.99902
644,1646989597,47.74309,8.99902
645,1646989598,47.74308,8.99902
646,1646989599,47.74308,8.99902
647,1646989600,47.74308,8.99901
648,1646989601,47.74308,8.99901
649,1646989602,47.74308,8.99901
650,1646989603,47.74305,8.99900
651,1646989605,47.74305,8.99901
652,1646989606,47.74304,8.99901
653,1646989607,47.74304,8.99901
654,1646989608,47.74304,8.99900
655,1646989609,47.74304,8.99900
656,1646989610,47.74303,8.99900
657,1646989611,47.74303,8.99899
658,1646989612,47.74303,8.99899
659,1646989613,47.74303,8.99899
660,1646989614,47.74302,8.99899
661,1646989739,47.74300,8.99900
662,1646989740,47.74299,8.99900
663,1646989741,47.74300,8.99901
664,1646989742,47.74301,8.99902
665,1646989743,47.74302,8.99901
666,1646989744,47.74303,8.99902
667,1646989745,47.74303,8.99902
668,1646989746,47.74303,8.99902
669,1646989747,47.74301,8.99901
670,1646989749,47.74301,8.99901
671,1646989750,47.74301,8.99902
672,1646989751,47.74301,8.99902
673,1646989752,47.74301,8.99902
674,1646989753,47.74301,8.99902
675,1646989754,47.74301,8.99902
676,1646989755,47.74301,8.99902
677,1646989756,47.74302,8.99901
678,1646989757,47.74302,8.99901
679,1646989758,47.74301,8.99901
680,1646989759,47.74301,8.99901
681,1646989883,47.74310,8.99901
682,1646989884,47.74311,8.99898
683,1646989885,47.74311,8.99899
684,1646989886,47.74311,8.99898
685,1646989887,47.74311,8.99898
686,1646989888,47.74311,8.99898
687,1646989889,47.74311,8.99899
688,1646989890,47.74311,8.99900
689,1646989891,47.74304,8.99898
690,1646989893,47.74304,8.99898
691,1646989894,47.74304,8.99898
692,1646989895,47.74304,8.99898
693,1646989896,47.74304,8.99898
694,1646989897,47.74304,8.99897
695,1646989898,47.74304,8.99897
696,1646989899,47.74304,8.99897
697,1646989900,47.74304,8.99897
698,1646989901,47.74303,8.99897
699,1646989902,47.74303,8.99897
700,1646989903,47.74303,8.99897
701,1646990026,47.74298,8.99897
702,1646990027,47.74299,8.99899
703,1646990028,47.74302,8.99900
704,1646990029,47.74303,8.99900
705,1646990030,47.74304,8.99899
706,1646990031,47.74305,8.99898
707,1646990032,47.74306,8.99898
708,1646990033,47.74306,8.99898
709,1646990034,47.74306,8.99897
710,1646990035,47.74302,8.99896
711,1646990037,47.74302,8.99896
712,1646990038,47.74302,8.99896
713,1646990039,47.74302,8.99897
714,1646990040,47.74302,8.99896
715,1646990041,47.74303,8.99897
716,1646990042,47.74303,8.99897
717,1646990043,47.74303,8.99897
718,1646990044,47.74303,8.99896
719,1646990045,47.74303,8.99896
720,1646990046,47.74303,8.99896
721,1646990171,47.74304,8.99894
722,1646990172,47.74304,8.99895
723,1646990173,47.74304,8.99896
724,1646990174,47.74305,8.99897
725,1646990175,47.74305,8.99898
726,1646990176,47.74305,8.99898
727,1646990177,47.74304,8.99898
728,1646990178,47.74304,8.99897
729,1646990179,47.74304,8.99898
730,1646990181,47.74304,8.99898
731,1646990182,47.74305,8.99898
732,1646990183,47.74304,8.99898
733,1646990184,47.74304,8.99898
734,1646990185,47.74304,8.99898
735,1646990186,47.74304,8.99898
736,1646990187,47.74304,8.99898
737,1646990188,47.74304,8.99898
738,1646990189,47.74304,8.99898
739,1646990190,47.74304,8.99898
740,1646990191,47.74304,8.99898
741,1646990316,47.74319,8.99895
742,1646990317,47.74317,8.99895
743,1646990318,47.74314,8.99894
744,1646990319,47.74313,8.99894
745,1646990320,47.74313,8.99894
746,1646990321,47.74312,8.99894
747,1646990322,47.74311,8.99893
748,1646990323,47.74306,8.99892
749,1646990325,47.74306,8.99892
750,1646990326,47.74306,8.99891
751,1646990327,47.74306,8.99891
752,1646990328,47.74306,8.99891
753,1646990329,47.74306,8.99891
754,1646990330,47.74306,8.99891
755,1646990331,47.74306,8.99891
756,1646990332,47.74306,8.99890
757,1646990333,47.74307,8.99890
758,1646990334,47.74307,8.99890
759,1646990335,47.74308,8.99890
760,1646990336,47.74308,8.99890
761,1646990461,47.74311,8.99910
762,1646990462,47.74318,8.99899
763,1646990463,47.74319,8.99897
764,1646990464,47.74319,8.99896
765,1646990465,47.74319,8.99897
766,1646990466,47.74319,8.99897
767,1646990467,47.74298,8.99901
768,1646990469,47.74298,8.99901
769,1646990470,47.74299,8.99901
770,1646990471,47.74300,8.99901
771,1646990472,47.74300,8.99901
772,1646990473,47.74301,8.99902
773,1646990474,47.74302,8.99902
774,1646990475,47.74302,8.99902
775,1646990476,47.74302,8.99902
776,1646990477,47.74303,8.99902
777,1646990478,47.74303,8.99902
778,1646990479,47.74303,8.99902
779,1646990480,47.74303,8.99903
780,1646990481,47.74304,8.99903
781,1646990609,47.74295,8.99900
782,1646990610,47.74295,8.99898
783,1646990611,47.74295,8.99897
784,1646990612,47.74301,8.99899
785,1646990613,47.74305,8.99900
786,1646990614,47.74307,8.99900
787,1646990615,47.74309,8.99901
788,1646990616,47.74311,8.99901
789,1646990617,47.74301,8.99904
790,1646990619,47.74302,8.99903
791,1646990620,47.74302,8.99904
792,1646990621,47.74302,8.99904
793,1646990622,47.74303,8.99905
794,1646990623,47.74303,8.99906
795,1646990624,47.74303,8.99907
796,1646990625,47.74303,8.99908
797,1646990626,47.74302,8.99909
798,1646990627,47.74302,8.99909
799,1646990628,47.74302,8.99910
800,1646990629,47.74302,8.99910
801,1646990758,47.74318,8.99903
802,1646990759,47.74317,8.99903
803,1646990760,47.74316,8.99902
804,1646990761,47.74303,8.99896
805,1646990763,47.74302,8.99896
806,1646990764,47.74301,8.99896
807,1646990765,47.74301,8.99895
808,1646990766,47.74301,8.99895
809,1646990767,47.74301,8.99894
810,1646990768,47.74301,8.99893
811,1646990769,47.74301,8.99893
812,1646990770,47.74301,8.99893
813,1646990771,47.74301,8.99893
814,1646990772,47.74301,8.99893
815,1646990773,47.74301,8.99893
816,1646990774,47.74301,8.99893
817,1646990775,47.74301,8.99894
818,1646990776,47.74301,8.99894
819,1646990777,47.74301,8.99894
820,1646990778,47.74301,8.99894
821,1646990902,47.74314,8.99905
822,1646990903,47.74320,8.99906
823,1646990904,47.74322,8.99906
824,1646990905,47.74323,8.99906
825,1646990906,47.74324,8.99905
826,1646990907,47.74321,8.99903
827,1646990908,47.74320,8.99902
828,1646990909,47.74318,8.99900
829,1646990910,47.74318,8.99899
830,1646990911,47.74302,8.99898
831,1646990913,47.74303,8.99899
832,1646990914,47.74303,8.99899
833,1646990915,47.74304,8.99899
834,1646990916,47.74304,8.99899
835,1646990917,47.74304,8.99899
836,1646990918,47.74305,8.99899
837,1646990919,47.74305,8.99899
838,1646990920,47.74305,8.99900
839,1646990921,47.74305,8.99900
840,1646990922,47.74306,8.99900
841,1646991046,47.74294,8.99885
842,1646991047,47.74292,8.99889
843,1646991048,47.74292,8.99890
844,1646991049,47.74292,8.99891
845,1646991050,47.74291,8.99892
846,1646991051,47.74291,8.99892
847,1646991052,47.74291,8.99892
848,1646991053,47.74291,8.99892
849,1646991054,47.74292,8.99892
850,1646991055,47.74299,8.99893
851,1646991057,47.74299,8.99892
852,1646991058,47.74299,8.99892
853,1646991059,47.74299,8.99892
854,1646991060,47.74300,8.99892
855,1646991061,47.74300,8.99892
856,1646991062,47.74300,8.99892
857,1646991063,47.74300,8.99892
858,1646991064,47.74301,8.99893
859,1646991065,47.74301,8.99893
860,1646991066,47.74301,8.99893
861,1646991194,47.74291,8.99896
862,1646991195,47.74296,8.99898
863,1646991196,47.74294,8.99896
864,1646991197,47.74291,8.99895
865,1646991198,47.74290,8.99894
866,1646991199,47.74295,8.99896
867,1646991201,47.74295,8.99895
868,1646991202,47.74294,8.99895
869,1646991203,47.74294,8.99895
870,1646991204,47.74294,8.99894
871,1646991205,47.74294,8.99894
872,1646991206,47.74294,8.99894
873,1646991207,47.74294,8.99894
874,1646991208,47.74294,8.99893
875,1646991209,47.74294,8.99893
876,1646991210,47.74294,8.99893
877,1646991211,47.74294,8.99893
878,1646991213,47.74294,8.99894
879,1646991214,47.74295,8.99894
880,1646991215,47.74295,8.99894
881,1646991340,47.74307,8.99901
882,1646991341,47.74304,8.99897
883,1646991342,47.74302,8.99896
884,1646991343,47.74302,8.99896
885,1646991344,47.74300,8.99894
886,1646991345,47.74299,8.99893
887,1646991346,47.74299,8.99894
888,1646991347,47.74300,8.99894
889,1646991348,47.74300,8.99894
890,1646991349,47.74298,8.99893
891,1646991351,47.74298,8.99893
892,1646991352,47.74298,8.99894
893,1646991353,47.74298,8.99894
894,1646991354,47.74299,8.99894
895,1646991355,47.74299,8.99894
896,1646991356,47.74299,8.99895
897,1646991357,47.74299,8.99895
898,1646991358,47.74299,8.99895
899,1646991359,47.74300,8.99895
900,1646991360,47.74300,8.99895
901,1646991484,47.74295,8.99893
902,1646991485,47.74312,8.99900
903,1646991486,47.74313,8.99901
904,1646991487,47.74313,8.99900
905,1646991488,47.74312,8.99900
906,1646991489,47.74311,8.99900
907,1646991490,47.74309,8.99898
908,1646991491,47.74308,8.99899
909,1646991492,47.74308,8.99898
910,1646991493,47.74308,8.99898
911,1646991494,47.74303,8.99897
912,1646991496,47.74304,8.99897
913,1646991497,47.74304,8.99897
914,1646991498,47.74304,8.99897
915,1646991499,47.74304,8.99897
916,1646991500,47.74304,8.99897
917,1646991501,47.74305,8.99897
918,1646991502,47.74305,8.99897
919,1646991503,47.74305,8.99897
920,1646991504,47.74305,8.99897
921,1646991628,47.74323,8.99904
922,1646991629,47.74322,8.99900
923,1646991630,47.74320,8.99900
924,1646991631,47.74318,8.99900
925,1646991632,47.74315,8.99900
926,1646991633,47.74314,8.99900
927,1646991634,47.74312,8.99900
928,1646991635,47.74309,8.99899
929,1646991636,47.74307,8.99899
930,1646991637,47.74295,8.99900
931,1646991639,47.74296,8.99901
932,1646991640,47.74297,8.99901
933,1646991641,47.74297,8.99901
934,1646991642,47.74297,8.99901
935,1646991643,47.74297,8.99900
936,1646991644,47.74297,8.99900
937,1646991645,47.74298,8.99899
938,1646991646,47.74298,8.99899
939,1646991647,47.74298,8.99898
940,1646991648,47.74298,8.99898
941,1646991776,47.74280,8.99888
942,1646991777,47.74284,8.99889
943,1646991778,47.74289,8.99891
944,1646991779,47.74292,8.99891
945,1646991780,47.74293,8.99891
946,1646991781,47.74306,8.99891
947,1646991783,47.74306,8.99892
948,1646991784,47.74306,8.99893
949,1646991785,47.74306,8.99893
950,1646991786,47.74306,8.99893
951,1646991787,47.74306,8.99894
952,1646991788,47.74306,8.99894
953,1646991789,47.74306,8.99895
954,1646991790,47.74306,8.99895
955,1646991791,47.74306,8.99895
956,1646991792,47.74306,8.99895
957,1646991793,47.74306,8.99895
958,1646991794,47.74305,8.99895
959,1646991795,47.74305,8.99895
960,1646991796,47.74306,8.99895
961,1646991922,47.74308,8.99897
962,1646991923,47.74308,8.99899
963,1646991924,47.74309,8.99900
964,1646991925,47.74308,8.99898
965,1646991926,47.74308,8.99897
966,1646991927,47.74308,8.99897
967,1646991928,47.74309,8.99897
968,1646991929,47.74309,8.99896
969,1646991930,47.74309,8.99896
970,1646991931,47.74303,8.99901
971,1646991933,47.74303,8.99901
972,1646991934,47.74303,8.99901
973,1646991935,47.74303,8.99901
974,1646991936,47.74303,8.99901
975,1646991937,47.74303,8.99901
976,1646991938,47.74303,8.99900
977,1646991939,47.74303,8.99900
978,1646991940,47.74303,8.99900
979,1646991941,47.74303,8.99899
980,1646991942,47.74303,8.99899
981,1646992066,47.74291,8.99898
982,1646992067,47.74290,8.99897
983,1646992068,47.74290,8.99898
984,1646992069,47.74290,8.99897
985,1646992070,47.74291,8.99898
986,1646992071,47.74292,8.99898
987,1646992072,47.74292,8.99898
988,1646992073,47.74292,8.99898
989,1646992074,47.74292,8.99898
990,1646992075,47.74293,8.99898
991,1646992077,47.74293,8.99898
992,1646992078,47.74293,8.99898
993,1646992079,47.74293,8.99898
994,1646992080,47.74294,8.99898
995,1646992081,47.74294,8.99898
996,1646992082,47.74294,8.99898
997,1646992083,47.74294,8.99898
998,1646992084,47.74294,8.99898
999,1646992085,47.74294,8.99898
1000,1646992086,47.74295,8.99899
1001,1646992210,47.74300,8.99892
1002,1646992211,47.74300,8.99893
1003,1646992212,47.74299,8.99895
1004,1646992213,47.74298,8.99897
1005,1646992214,47.74298,8.99898
1006,1646992215,47.74299,8.99899
1007,1646992216,47.74298,8.99898
1008,1646992217,47.74298,8.99899
1009,1646992218,47.74299,8.99899
1010,1646992219,47.74299,8.99899
1011,1646992220,47.74301,8.99897
1012,1646992222,47.74301,8.99897
1013,1646992223,47.74301,8.99897
1014,1646992224,47.74301,8.99897
1015,1646992225,47.74301,8.99897
1016,1646992226,47.74301,8.99897
1017,1646992227,47.74301,8.99896
1018,1646992228,47.74301,8.99896
1019,1646992229,47.74301,8.99896
1020,1646992230,47.74300,8.99896
1021,1646992355,47.74294,8.99904
1022,1646992356,47.74296,8.99905
1023,1646992357,47.74309,8.99897
1024,1646992358,47.74306,8.99898
1025,1646992359,47.74305,8.99898
1026,1646992360,47.74305,8.99898
1027,1646992361,47.74304,8.99899
1028,1646992362,47.74304,8.99899
1029,1646992363,47.74304,8.99899
1030,1646992364,47.74302,8.99901
1031,1646992366,47.74303,8.99902
1032,1646992367,47.74303,8.99902
1033,1646992368,47.74303,8.99902
1034,1646992369,47.74303,8.99902
1035,1646992370,47.74303,8.99902
1036,1646992371,47.74304,8.99902
1037,1646992372,47.74304,8.99902
1038,1646992373,47.74304,8.99902
1039,1646992374,47.74305,8.99902
1040,1646992375,47.74305,8.99902
1041,1646992499,47.74318,8.99880
1042,1646992500,47.74312,8.99890
1043,1646992501,47.74313,8.99890
1044,1646992502,47.74313,8.99891
1045,1646992503,47.74312,8.99891
1046,1646992504,47.74311,8.99891
1047,1646992505,47.74310,8.99891
1048,1646992506,47.74310,8.99891
1049,1646992507,47.74310,8.99892
1050,1646992508,47.74300,8.99906
1051,1646992510,47.74300,8.99906
1052,1646992511,47.74300,8.99907
1053,1646992512,47.74300,8.99907
1054,1646992513,47.74300,8.99908
1055,1646992514,47.74301,8.99908
1056,1646992515,47.74301,8.99907
1057,1646992516,47.74301,8.99907
1058,1646992517,47.74301,8.99907
1059,1646992518,47.74301,8.99907
1060,1646992519,47.74302,8.99907
1061,1646992645,47.74302,8.99899
1062,1646992646,47.74301,8.99904
1063,1646992647,47.74301,8.99903
1064,1646992648,47.74301,8.99903
1065,1646992649,47.74301,8.99903
1066,1646992650,47.74301,8.99902
1067,1646992651,47.74301,8.99902
1068,1646992652,47.74300,8.99903
1069,1646992654,47.74300,8.99903
1070,1646992655,47.74300,8.99903
1071,1646992656,47.74300,8.99902
1072,1646992657,47.74301,8.99902
1073,1646992658,47.74301,8.99902
1074,1646992659,47.74301,8.99902
1075,1646992660,47.74301,8.99902
1076,1646992661,47.74302,8.99901
1077,1646992662,47.74302,8.99900
1078,1646992663,47.74302,8.99900
1079,1646992664,47.74302,8.99899
1080,1646992665,47.74302,8.99899
1081,1646992791,47.74316,8.99878
1082,1646992792,47.74310,8.99881
1083,1646992793,47.74308,8.99885
1084,1646992794,47.74307,8.99886
1085,1646992795,47.74307,8.99887
1086,1646992796,47.74308,8.99886
1087,1646992797,47.74308,8.99886
1088,1646992798,47.74308,8.99886
1089,1646992799,47.74308,8.99887
1090,1646992800,47.74307,8.99887
1091,1646992801,47.74307,8.99888
1092,1646992802,47.74300,8.99899
1093,1646992804,47.74300,8.99899
1094,1646992805,47.74301,8.99899
1095,1646992806,47.74301,8.99900
1096,1646992807,47.74301,8.99900
1097,1646992808,47.74302,8.99900
1098,1646992809,47.74302,8.99900
1099,1646992810,47.74302,8.99900
1100,1646992811,47.74301,8.99900
1101,1646992937,47.74306,8.99884
1102,1646992938,47.74305,8.99886
1103,1646992939,47.74303,8.99889
1104,1646992940,47.74301,8.99893
1105,1646992941,47.74300,8.99894
1106,1646992942,47.74299,8.99894
1107,1646992943,47.74299,8.99895
1108,1646992944,47.74299,8.99895
1109,1646992945,47.74297,8.99898
1110,1646992947,47.74298,8.99897
1111,1646992948,47.74298,8.99898
1112,1646992949,47.74298,8.99898
1113,1646992950,47.74298,8.99898
1114,1646992951,47.74298,8.99898
1115,1646992952,47.74298,8.99898
1116,1646992953,47.74299,8.99898
1117,1646992954,47.74299,8.99897
1118,1646992955,47.74299,8.99897
1119,1646992956,47.74299,8.99897
1120,1646992957,47.74300,8.99897
1121,1646993084,47.74287,8.99926
1122,1646993085,47.74289,8.99922
1123,1646993086,47.74289,8.99921
1124,1646993087,47.74290,8.99919
1125,1646993088,47.74290,8.99918
1126,1646993089,47.74290,8.99918
1127,1646993090,47.74307,8.99891
1128,1646993092,47.74306,8.99892
1129,1646993093,47.74305,8.99893
1130,1646993094,47.74304,8.99893
1131,1646993095,47.74304,8.99894
1132,1646993096,47.74304,8.99895
1133,1646993097,47.74304,8.99895
1134,1646993098,47.74304,8.99895
1135,1646993099,47.74304,8.99896
1136,1646993100,47.74304,8.99897
1137,1646993101,47.74304,8.99897
1138,1646993102,47.74304,8.99897
1139,1646993103,47.74304,8.99897
1140,1646993104,47.74304,8.99897
1141,1646993228,47.74303,8.99908
1142,1646993229,47.74301,8.99908
1143,1646993230,47.74301,8.99908
1144,1646993231,47.74301,8.99907
1145,1646993232,47.74301,8.99907
1146,1646993233,47.74301,8.99907
1147,1646993234,47.74301,8.99906
1148,1646993235,47.74301,8.99906
1149,1646993236,47.74301,8.99905
1150,1646993237,47.74302,8.99904
1151,1646993238,47.74302,8.99904
1152,1646993239,47.74301,8.99906
1153,1646993241,47.74301,8.99905
1154,1646993242,47.74302,8.99905
1155,1646993243,47.74302,8.99904
1156,1646993244,47.74302,8.99904
1157,1646993245,47.74302,8.99903
1158,1646993246,47.74302,8.99903
1159,1646993247,47.74302,8.99903
1160,1646993248,47.74302,8.99903
1161,1646993372,47.74310,8.99901
1162,1646993373,47.74307,8.99904
1163,1646993374,47.74307,8.99903
1164,1646993375,47.74306,8.99903
1165,1646993376,47.74305,8.99903
1166,1646993377,47.74304,8.99903
1167,1646993378,47.74304,8.99902
1168,1646993379,47.74303,8.99902
1169,1646993380,47.74303,8.99901
1170,1646993381,47.74303,8.99901
1171,1646993382,47.74303,8.99901
1172,1646993383,47.74301,8.99903
1173,1646993385,47.74301,8.99902
1174,1646993386,47.74301,8.99902
1175,1646993387,47.74302,8.99902
1176,1646993388,47.74302,8.99902
1177,1646993389,47.74301,8.99902
1178,1646993390,47.74301,8.99901
1179,1646993391,47.74301,8.99901
1180,1646993392,47.74301,8.99901
1181,1646993517,47.74300,8.99902
1182,1646993518,47.74299,8.99903
1183,1646993519,47.74299,8.99902
1184,1646993520,47.74299,8.99903
1185,1646993521,47.74300,8.99903
1186,1646993522,47.74300,8.99902
1187,1646993523,47.74301,8.99901
1188,1646993524,47.74301,8.99900
1189,1646993525,47.74302,8.99899
1190,1646993526,47.74302,8.99899
1191,1646993527,47.74303,8.99898
1192,1646993529,47.74303,8.99898
1193,1646993530,47.74303,8.99898
1194,1646993531,47.74303,8.99898
1195,1646993532,47.74303,8.99898
1196,1646993533,47.74303,8.99898
1197,1646993534,47.74303,8.99898
1198,1646993535,47.74303,8.99898
1199,1646993536,47.74303,8.99898
1200,1646993537,47.74303,8.99898
1201,1646993662,47.74312,8.99879
1202,1646993663,47.74311,8.99880
1203,1646993664,47.74310,8.99881
1204,1646993665,47.74310,8.99881
1205,1646993666,47.74310,8.99881
1206,1646993667,47.74310,8.99880
1207,1646993668,47.74310,8.99881
1208,1646993669,47.74309,8.99882
1209,1646993670,47.74309,8.99882
1210,1646993671,47.74309,8.99882
1211,1646993672,47.74302,8.99900
1212,1646993674,47.74302,8.99901
1213,1646993675,47.74302,8.99901
1214,1646993676,47.74302,8.99901
1215,1646993677,47.74302,8.99901
1216,1646993678,47.74302,8.99901
1217,1646993679,47.74302,8.99901
1218,1646993680,47.74302,8.99901
1219,1646993681,47.74302,8.99901
1220,1646993682,47.74302,8.99901
1221,1646993807,47.74309,8.99890
1222,1646993808,47.74309,8.99890
1223,1646993809,47.74308,8.99891
1224,1646993810,47.74307,8.99893
1225,1646993811,47.74307,8.99895
1226,1646993812,47.74306,8.99897
1227,1646993813,47.74306,8.99897
1228,1646993814,47.74305,8.99897
1229,1646993815,47.74305,8.99897
1230,1646993816,47.74301,8.99905
1231,1646993818,47.74301,8.99903
1232,1646993819,47.74301,8.99901
1233,1646993820,47.74301,8.99901
1234,1646993821,47.74301,8.99901
1235,1646993822,47.74301,8.99900
1236,1646993823,47.74301,8.99900
1237,1646993824,47.74301,8.99899
1238,1646993825,47.74302,8.99899
1239,1646993826,47.74302,8.99899
1240,1646993827,47.74302,8.99899
1241,1646993952,47.74318,8.99864
1242,1646993953,47.74317,8.99865
1243,1646993954,47.74316,8.99872
1244,1646993955,47.74315,8.99875
1245,1646993956,47.74314,8.99879
1246,1646993957,47.74313,8.99880
1247,1646993958,47.74313,8.99880
1248,1646993959,47.74305,8.99901
1249,1646993961,47.74305,8.99900
1250,1646993962,47.74305,8.99899
1251,1646993963,47.74305,8.99899
1252,1646993964,47.74305,8.99899
1253,1646993965,47.74305,8.99899
1254,1646993966,47.74305,8.99899
1255,1646993967,47.74305,8.99900
1256,1646993968,47.74305,8.99900
1257,1646993969,47.74305,8.99900
1258,1646993970,47.74305,8.99899
1259,1646993971,47.74305,8.99899
1260,1646993973,47.74305,8.99899
1261,1646994098,47.74300,8.99900
1262,1646994099,47.74301,8.99900
1263,1646994100,47.74303,8.99900
1264,1646994101,47.74302,8.99901
1265,1646994102,47.74302,8.99901
1266,1646994103,47.74302,8.99900
1267,1646994105,47.74302,8.99900
1268,1646994106,47.74302,8.99900
1269,1646994107,47.74302,8.99899
1270,1646994108,47.74302,8.99899
1271,1646994109,47.74302,8.99899
1272,1646994110,47.74302,8.99898
1273,1646994111,47.74302,8.99897
1274,1646994112,47.74302,8.99897
1275,1646994113,47.74302,8.99897
1276,1646994114,47.74302,8.99897
1277,1646994115,47.74302,8.99897
1278,1646994116,47.74302,8.99897
1279,1646994117,47.74302,8.99897
1280,1646994118,47.74303,8.99897
1281,1646994244,47.74303,8.99893
1282,1646994245,47.74303,8.99895
1283,1646994246,47.74303,8.99895
1284,1646994247,47.74303,8.99896
1285,1646994248,47.74304,8.99897
1286,1646994249,47.74304,8.99894
1287,1646994250,47.74305,8.99894
1288,1646994251,47.74305,8.99894
1289,1646994252,47.74305,8.99893
1290,1646994253,47.74305,8.99893
1291,1646994254,47.74304,8.99894
1292,1646994256,47.74303,8.99896
1293,1646994257,47.74303,8.99897
1294,1646994258,47.74303,8.99898
1295,1646994259,47.74302,8.99899
1296,1646994260,47.74302,8.99900
1297,1646994261,47.74302,8.99901
1298,1646994262,47.74302,8.99901
1299,1646994263,47.74302,8.99902
1300,1646994264,47.74302,8.99902
1301,1646994389,47.74301,8.99904
1302,1646994390,47.74301,8.99902
1303,1646994391,47.74301,8.99900
1304,1646994392,47.74301,8.99900
1305,1646994393,47.74301,8.99899
1306,1646994394,47.74302,8.99899
1307,1646994395,47.74302,8.99898
1308,1646994396,47.74302,8.99899
1309,1646994397,47.74302,8.99899
1310,1646994398,47.74302,8.99898
1311,1646994400,47.74302,8.99898
1312,1646994401,47.74302,8.99899
1313,1646994402,47.74302,8.99899
1314,1646994403,47.74302,8.99899
1315,1646994404,47.74302,8.99899
1316,1646994405,47.74302,8.99899
1317,1646994406,47.74302,8.99899
1318,1646994407,47.74302,8.99899
1319,1646994408,47.74303,8.99899
1320,1646994409,47.74303,8.99899
1321,1646994532,47.74298,8.99899
1322,1646994533,47.74301,8.99876
1323,1646994534,47.74301,8.99881
1324,1646994535,47.74302,8.99882
1325,1646994536,47.74302,8.99882
1326,1646994537,47.74303,8.99881
1327,1646994538,47.74304,8.99881
1328,1646994539,47.74305,8.99882
1329,1646994540,47.74305,8.99883
1330,1646994541,47.74304,8.99884
1331,1646994542,47.74299,8.99895
1332,1646994544,47.74299,8.99895
1333,1646994545,47.74300,8.99895
1334,1646994546,47.74300,8.99895
1335,1646994547,47.74300,8.99896
1336,1646994548,47.74300,8.99896
1337,1646994549,47.74300,8.99896
1338,1646994550,47.74300,8.99896
1339,1646994551,47.74300,8.99896
1340,1646994552,47.74300,8.99896
1341,1646994676,47.74305,8.99900
1342,1646994677,47.74304,8.99898
1343,1646994678,47.74303,8.99895
1344,1646994679,47.74303,8.99892
1345,1646994680,47.74303,8.99891
1346,1646994681,47.74303,8.99890
1347,1646994682,47.74303,8.99889
1348,1646994683,47.74303,8.99888
1349,1646994684,47.74303,8.99888
1350,1646994685,47.74303,8.99887
1351,1646994686,47.74298,8.99895
1352,1646994688,47.74299,8.99894
1353,1646994689,47.74299,8.99893
1354,1646994690,47.74299,8.99892
1355,1646994691,47.74298,8.99892
1356,1646994692,47.74298,8.99891
1357,1646994693,47.74298,8.99891
1358,1646994694,47.74298,8.99890
1359,1646994695,47.74298,8.99890
1360,1646994696,47.74298,8.99890
1361,1646994821,47.74307,8.99873
1362,1646994822,47.74307,8.99872
1363,1646994823,47.74307,8.99874
1364,1646994824,47.74308,8.99873
1365,1646994825,47.74308,8.99872
1366,1646994826,47.74308,8.99871
1367,1646994827,47.74308,8.99870
1368,1646994828,47.74308,8.99870
1369,1646994829,47.74308,8.99870
1370,1646994830,47.74305,8.99891
1371,1646994832,47.74305,8.99891
1372,1646994833,47.74305,8.99890
1373,1646994834,47.74305,8.99890
1374,1646994835,47.74304,8.99889
1375,1646994836,47.74303,8.99888
1376,1646994837,47.74303,8.99888
1377,1646994838,47.74302,8.99888
1378,1646994839,47.74302,8.99888
1379,1646994840,47.74302,8.99888
1380,1646994841,47.74302,8.99887
1381,1646994965,47.74311,8.99900
1382,1646994966,47.74309,8.99899
1383,1646994967,47.74308,8.99898
1384,1646994968,47.74307,8.99897
1385,1646994969,47.74307,8.99896
1386,1646994970,47.74307,8.99895
1387,1646994971,47.74307,8.99895
1388,1646994972,47.74307,8.99895
1389,1646994973,47.74308,8.99894
1390,1646994974,47.74307,8.99901
1391,1646994976,47.74308,8.99900
1392,1646994977,47.74308,8.99900
1393,1646994978,47.74308,8.99899
1394,1646994979,47.74308,8.99899
1395,1646994980,47.74307,8.99899
1396,1646994981,47.74306,8.99898
1397,1646994982,47.74306,8.99898
1398,1646994983,47.74306,8.99897
1399,1646994984,47.74306,8.99897
1400,1646994985,47.74306,8.99897
1401,1646995111,47.74265,8.99893
1402,1646995112,47.74267,8.99889
1403,1646995113,47.74272,8.99887
1404,1646995114,47.74280,8.99886
1405,1646995115,47.74287,8.99884
1406,1646995116,47.74291,8.99882
1407,1646995117,47.74294,8.99882
1408,1646995118,47.74296,8.99883
1409,1646995120,47.74298,8.99886
1410,1646995121,47.74298,8.99886
1411,1646995122,47.74299,8.99887
1412,1646995123,47.74300,8.99889
1413,1646995124,47.74300,8.99890
1414,1646995125,47.74301,8.99891
1415,1646995126,47.74301,8.99892
1416,1646995127,47.74302,8.99893
1417,1646995128,47.74301,8.99892
1418,1646995129,47.74301,8.99891
1419,1646995130,47.74300,8.99891
1420,1646995131,47.74300,8.99892
1421,1646995259,47.74313,8.99872
1422,1646995260,47.74313,8.99871
1423,1646995261,47.74309,8.99858
1424,1646995262,47.74306,8.99898
1425,1646995264,47.74306,8.99897
1426,1646995265,47.74307,8.99897
1427,1646995266,47.74307,8.99897
1428,1646995267,47.74307,8.99897
1429,1646995268,47.74306,8.99897
1430,1646995269,47.74307,8.99897
1431,1646995270,47.74307,8.99897
1432,1646995271,47.74307,8.99897
1433,1646995272,47.74307,8.99897
1434,1646995273,47.74306,8.99897
1435,1646995274,47.74307,8.99897
1436,1646995275,47.74307,8.99897
1437,1646995276,47.74307,8.99897
1438,1646995277,47.74307,8.99897
1439,1646995278,47.74307,8.99897
1440,1646995279,47.74307,8.99896
1441,1646995410,47.74307,8.99897
1442,1646995411,47.74306,8.99894
1443,1646995412,47.74305,8.99896
1444,1646995414,47.74304,8.99895
1445,1646995415,47.74303,8.99894
1446,1646995416,47.74303,8.99893
1447,1646995417,47.74302,8.99893
1448,1646995418,47.74302,8.99892
1449,1646995419,47.74301,8.99892
1450,1646995420,47.74301,8.99893
1451,1646995421,47.74301,8.99892
1452,1646995422,47.74300,8.99892
1453,1646995423,47.74300,8.99892
1454,1646995424,47.74300,8.99892
1455,1646995425,47.74300,8.99892
1456,1646995426,47.74300,8.99892
1457,1646995427,47.74300,8.99892
1458,1646995428,47.74300,8.99891
1459,1646995429,47.74300,8.99891
1460,1646995430,47.74300,8.99891
1461,1646995561,47.74310,8.99911
1462,1646995562,47.74310,8.99905
1463,1646995564,47.74311,8.99907
1464,1646995565,47.74312,8.99908
1465,1646995566,47.74312,8.99908
1466,1646995567,47.74312,8.99907
1467,1646995568,47.74312,8.99907
1468,1646995569,47.74312,8.99906
1469,1646995570,47.74311,8.99905
1470,1646995571,47.74311,8.99904
1471,1646995572,47.74311,8.99904
1472,1646995573,47.74310,8.99903
1473,1646995574,47.74310,8.99903
1474,1646995575,47.74310,8.99902
1475,1646995576,47.74310,8.99902
1476,1646995577,47.74310,8.99902
1477,1646995578,47.74310,8.99902
1478,1646995579,47.74310,8.99902
1479,1646995580,47.74310,8.99902
1480,1646995581,47.74310,8.99902
1481,1646995706,47.74307,8.99894
1482,1646995707,47.74305,8.99896
1483,1646995708,47.74305,8.99898
1484,1646995709,47.74305,8.99896
1485,1646995710,47.74305,8.99897
1486,1646995711,47.74305,8.99895
1487,1646995712,47.74304,8.99895
1488,1646995713,47.74303,8.99896
1489,1646995714,47.74303,8.99897
1490,1646995715,47.74304,8.99898
1491,1646995716,47.74305,8.99899
1492,1646995717,47.74305,8.99899
1493,1646995718,47.74306,8.99897
1494,1646995720,47.74306,8.99898
1495,1646995721,47.74305,8.99898
1496,1646995722,47.74305,8.99898
1497,1646995723,47.74305,8.99898
1498,1646995724,47.74305,8.99898
1499,1646995725,47.74304,8.99898
1500,1646995726,47.74304,8.99898
1501,1646995857,47.74308,8.99942
1502,1646995858,47.74307,8.99943
1503,1646995859,47.74301,8.99931
1504,1646995860,47.74299,8.99926
1505,1646995861,47.74298,8.99927
1506,1646995862,47.74294,8.99884
1507,1646995864,47.74296,8.99885
1508,1646995865,47.74297,8.99886
1509,1646995866,47.74298,8.99886
1510,1646995867,47.74299,8.99886
1511,1646995868,47.74299,8.99886
1512,1646995869,47.74299,8.99886
1513,1646995870,47.74299,8.99885
1514,1646995871,47.74299,8.99884
1515,1646995872,47.74298,8.99884
1516,1646995873,47.74298,8.99884
1517,1646995874,47.74298,8.99884
1518,1646995875,47.74298,8.99885
1519,1646995876,47.74298,8.99886
1520,1646995877,47.74299,8.99886
1521,1646996008,47.74311,8.99967
1522,1646996009,47.74310,8.99957
1523,1646996010,47.74310,8.99952
1524,1646996011,47.74310,8.99950
1525,1646996012,47.74309,8.99900
1526,1646996014,47.74308,8.99900
1527,1646996015,47.74307,8.99901
1528,1646996016,47.74307,8.99901
1529,1646996017,47.74308,8.99902
1530,1646996018,47.74308,8.99902
1531,1646996019,47.74308,8.99902
1532,1646996020,47.74307,8.99902
1533,1646996021,47.74307,8.99903
1534,1646996022,47.74306,8.99902
1535,1646996023,47.74306,8.99902
1536,1646996024,47.74306,8.99901
1537,1646996025,47.74305,8.99901
1538,1646996026,47.74305,8.99902
1539,1646996027,47.74305,8.99902
1540,1646996028,47.74305,8.99901
1541,1646996163,47.74318,8.99898
1542,1646996164,47.74315,8.99895
1543,1646996165,47.74314,8.99896
1544,1646996166,47.74313,8.99896
1545,1646996167,47.74312,8.99896
1546,1646996168,47.74312,8.99903
1547,1646996170,47.74312,8.99902
1548,1646996171,47.74312,8.99902
1549,1646996172,47.74311,8.99901
1550,1646996173,47.74311,8.99902
1551,1646996174,47.74311,8.99902
1552,1646996175,47.74311,8.99902
1553,1646996176,47.74311,8.99903
1554,1646996177,47.74311,8.99903
1555,1646996178,47.74311,8.99903
1556,1646996179,47.74311,8.99903
1557,1646996180,47.74311,8.99902
1558,1646996181,47.74311,8.99902
1559,1646996182,47.74311,8.99902
1560,1646996183,47.74311,8.99902
1561,1646996315,47.74308,8.99913
1562,1646996316,47.74308,8.99911
1563,1646996317,47.74308,8.99915
1564,1646996318,47.74306,8.99913
1565,1646996320,47.74307,8.99912
1566,1646996321,47.74307,8.99910
1567,1646996322,47.74307,8.99909
1568,1646996323,47.74307,8.99909
1569,1646996324,47.74308,8.99908
1570,1646996325,47.74308,8.99907
1571,1646996326,47.74308,8.99906
1572,1646996327,47.74308,8.99906
1573,1646996328,47.74308,8.99905
1574,1646996329,47.74308,8.99905
1575,1646996330,47.74307,8.99904
1576,1646996331,47.74307,8.99903
1577,1646996332,47.74307,8.99903
1578,1646996333,47.74307,8.99903
1579,1646996334,47.74307,8.99903
1580,1646996335,47.74307,8.99903
1581,1646996464,47.74298,8.99906
1582,1646996465,47.74298,8.99903
1583,1646996466,47.74299,8.99901
1584,1646996467,47.74299,8.99898
1585,1646996468,47.74300,8.99895
1586,1646996470,47.74301,8.99896
1587,1646996471,47.74302,8.99898
1588,1646996472,47.74302,8.99898
1589,1646996473,47.74303,8.99899
1590,1646996474,47.74304,8.99899
1591,1646996475,47.74304,8.99899
1592,1646996476,47.74305,8.99899
1593,1646996477,47.74305,8.99899
1594,1646996478,47.74305,8.99899
1595,1646996479,47.74305,8.99899
1596,1646996480,47.74305,8.99899
1597,1646996481,47.74304,8.99899
1598,1646996482,47.74304,8.99898
1599,1646996483,47.74305,8.99898
1600,1646996484,47.74305,8.99899
1601,1646996610,47.74312,8.99900
1602,1646996611,47.74311,8.99899
1603,1646996612,47.74311,8.99900
1604,1646996613,47.74312,8.99903
1605,1646996614,47.74313,8.99905
1606,1646996615,47.74313,8.99904
1607,1646996616,47.74312,8.99903
1608,1646996617,47.74312,8.99903
1609,1646996618,47.74311,8.99900
1610,1646996620,47.74311,8.99900
1611,1646996621,47.74310,8.99899
1612,1646996622,47.74310,8.99900
1613,1646996623,47.74310,8.99900
1614,1646996624,47.74310,8.99899
1615,1646996625,47.74310,8.99899
1616,1646996626,47.74310,8.99899
1617,1646996627,47.74310,8.99899
1618,1646996628,47.74310,8.99900
1619,1646996629,47.74310,8.99900
1620,1646996630,47.74310,8.99900
1621,1646996756,47.74312,8.99920
1622,1646996757,47.74310,8.99916
1623,1646996758,47.74310,8.99913
1624,1646996759,47.74308,8.99910
1625,1646996760,47.74307,8.99910
1626,1646996761,47.74306,8.99909
1627,1646996762,47.74308,8.99895
1628,1646996764,47.74309,8.99897
1629,1646996765,47.74309,8.99896
1630,1646996766,47.74309,8.99897
1631,1646996767,47.74310,8.99898
1632,1646996768,47.74309,8.99897
1633,1646996769,47.74309,8.99897
1634,1646996770,47.74308,8.99897
1635,1646996771,47.74308,8.99897
1636,1646996772,47.74308,8.99897
1637,1646996773,47.74308,8.99898
1638,1646996774,47.74308,8.99898
1639,1646996775,47.74308,8.99899
1640,1646996776,47.74308,8.99899
1641,1646996903,47.74303,8.99891
1642,1646996904,47.74304,8.99897
1643,1646996905,47.74306,8.99901
1644,1646996906,47.74309,8.99904
1645,1646996907,47.74309,8.99906
1646,1646996908,47.74309,8.99905
1647,1646996909,47.74309,8.99905
1648,1646996910,47.74309,8.99906
1649,1646996911,47.74309,8.99906
1650,1646996912,47.74309,8.99896
1651,1646996914,47.74309,8.99897
1652,1646996915,47.74309,8.99898
1653,1646996916,47.74309,8.99898
1654,1646996917,47.74309,8.99899
1655,1646996918,47.74308,8.99899
1656,1646996919,47.74308,8.99899
1657,1646996920,47.74309,8.99899
1658,1646996921,47.74309,8.99899
1659,1646996922,47.74309,8.99899
1660,1646996923,47.74309,8.99899
1661,1646997049,47.74303,8.99897
1662,1646997050,47.74306,8.99897
1663,1646997051,47.74309,8.99901
1664,1646997052,47.74310,8.99902
1665,1646997053,47.74309,8.99901
1666,1646997054,47.74310,8.99902
1667,1646997055,47.74310,8.99904
1668,1646997056,47.74310,8.99900
1669,1646997058,47.74311,8.99901
1670,1646997059,47.74311,8.99901
1671,1646997060,47.74311,8.99902
1672,1646997061,47.74312,8.99902
1673,1646997062,47.74312,8.99903
1674,1646997063,47.74312,8.99903
1675,1646997064,47.74312,8.99903
1676,1646997065,47.74312,8.99903
1677,1646997066,47.74312,8.99903
1678,1646997067,47.74312,8.99903
1679,1646997068,47.74312,8.99903
1680,1646997069,47.74311,8.99903
1681,1646997195,47.74305,8.99896
1682,1646997196,47.74306,8.99896
1683,1646997197,47.74307,8.99897
1684,1646997198,47.74305,8.99898
1685,1646997199,47.74304,8.99901
1686,1646997200,47.74304,8.99906
1687,1646997202,47.74303,8.99906
1688,1646997203,47.74304,8.99906
1689,1646997204,47.74304,8.99906
1690,1646997205,47.74304,8.99906
1691,1646997206,47.74304,8.99905
1692,1646997207,47.74303,8.99905
1693,1646997208,47.74303,8.99904
1694,1646997209,47.74303,8.99904
1695,1646997210,47.74303,8.99904
1696,1646997211,47.74304,8.99905
1697,1646997212,47.74305,8.99905
1698,1646997213,47.74305,8.99905
1699,1646997214,47.74306,8.99905
1700,1646997215,47.74306,8.99905
1701,1646997340,47.74314,8.99906
1702,1646997341,47.74313,8.99907
1703,1646997342,47.74313,8.99907
1704,1646997343,47.74313,8.99910
1705,1646997344,47.74313,8.99911
1706,1646997345,47.74313,8.99912
1707,1646997346,47.74313,8.99911
1708,1646997347,47.74314,8.99912
1709,1646997348,47.74314,8.99913
1710,1646997349,47.74314,8.99913
1711,1646997350,47.74312,8.99906
1712,1646997352,47.74312,8.99906
1713,1646997353,47.74312,8.99906
1714,1646997354,47.74312,8.99906
1715,1646997355,47.74312,8.99906
1716,1646997356,47.74312,8.99906
1717,1646997357,47.74312,8.99906
1718,1646997358,47.74312,8.99906
1719,1646997359,47.74313,8.99907
1720,1646997360,47.74313,8.99907
1721,1647006283,47.74304,8.99907
1722,1647006284,47.74303,8.99904
1723,1647006285,47.74304,8.99904
1724,1647006286,47.74304,8.99903
1725,1647006287,47.74304,8.99903
1726,1647006288,47.74305,8.99903
1727,1647006289,47.74305,8.99902
1728,1647006290,47.74305,8.99902
1729,1647006291,47.74305,8.99902
1730,1647006292,47.74305,8.99902
1731,1647006293,47.74305,8.99902
1732,1647006358,47.74297,8.99891
1733,1647006359,47.74298,8.99892
1734,1647006360,47.74299,8.99893
1735,1647006361,47.74299,8.99893
1736,1647006424,47.74313,8.99900
1737,1647006425,47.74305,8.99901
1738,1647006426,47.74304,8.99899
1739,1647006427,47.74304,8.99898
1740,1647006428,47.74303,8.99897
1741,1647006492,47.74263,8.99845
1742,1647006493,47.74301,8.99892
1743,1647006494,47.74304,8.99895
1744,1647006558,47.74300,8.99905
1745,1647006559,47.74301,8.99904
1746,1647006560,47.74303,8.99904
1747,1647006623,47.74302,8.99891
1748,1647006624,47.74301,8.99892
1749,1647006688,47.74343,8.99926
1750,1647006689,47.74303,8.99894
1751,1647006753,47.74298,8.99882
1752,1647006817,47.74296,8.99887
1753,1647006818,47.74294,8.99888
1754,1647006882,47.74286,8.99870
1755,1647006946,47.74306,8.99893
1756,1647006947,47.74300,8.99886
1757,1647007011,47.74291,8.99872
1758,1647007075,47.74296,8.99899
1759,1647007140,47.74306,8.99901
1760,1647007204,47.74285,8.99878
1761,1647007332,47.74277,8.99865
1762,1647007651,47.74301,8.99899
1763,1647007777,47.74296,8.99877
1764,1647007967,47.74298,8.99882
1765,1647008787,47.74299,8.99885
1766,1647008914,47.74296,8.99895